words,ents,anns
"""",-,
Янцзи,-,LOC
"""",-,
(,-,
),-,
або,-,
"""",-,
Чан,-,LOC
"""",-,
(,-,
",",-,
«,-,
Довга,-,
річка,-,
»,-,
),-,
—,-,
найдовша,-,
річка,-,
Євразії,-,LOC
",",-,
третя,-,
за,-,
довжиною,-,
у,-,
світі,-,
(,-,
після,-,
Нілу,-,LOC
і,-,
Амазонки,-,LOC
),-,
.,-,
Протікає,-,
територією,-,
Китайської,Китайської | I-LOC,LOC
Народної,Народної | I-LOC,LOC
Республіки,Республіки | I-LOC,LOC
",",-,
має,-,
довжину,-,
близько,-,
6,-,
300,-,
км,-,
",",-,
площа,-,
басейну,-,
—,-,
1,-,
"808,5",-,
км,-,
²,-,
.,-,
Янцзи,-,LOC
приймає,-,
притоки,-,
з,-,
пятої,-,
частини,-,
площі,-,
Китаю,Китаю | I-LOC,LOC
і,-,
в,-,
її,-,
басейні,-,
проживає,-,
третина,-,
населення,-,
Китаю,Китаю | I-LOC,LOC
.,-,
Разом,-,
з,-,
Хуанхе,Хуанхе | I-LOC,LOC
",",-,
Янцзи,Янцзи | I-LOC,LOC
є,-,
найважливішою,-,
річкою,-,
в,-,
історії,-,
",",-,
культурі,-,
та,-,
економіці,-,
Китаю,Китаю | I-LOC,LOC
.,. | I-LOC,
Процвітаюча,-,
дельта,-,
річки,-,
Янцзи,-,LOC
продукує,-,
до,-,
20,-,
%,-,
ВВП,-,
Китаю,Китаю | I-LOC,LOC
.,-,
Річка,-,
є,-,
важливою,-,
фізичною,-,
і,-,
культурною,-,
розділовою,-,
лінією,-,
між,-,
Північчю,Північчю | I-LOC,
і,-,
Півднем,-,
Китаю,Китаю | I-PER,LOC
.,. | I-PER,
Китайці,-,
",",-,
що,-,
живуть,-,
на,-,
північ,-,
від,-,
Янцзи,Янцзи | I-LOC,LOC
",",-,
говорять,-,
різними,-,
діалектами,-,
мандаринської,-,
мови,-,
.,-,
У,-,
більшості,-,
провінцій,-,
на,-,
південь,-,
від,-,
річки,-,
розмовляють,-,
китайськими,-,
мовами,-,
",",-,
які,-,
є,-,
незрозумілими,-,
для,-,
мандариномовних,-,
людей,-,
.,-,
Річка,-,
Янцзи,-,LOC
протікає,-,
через,-,
велику,-,
кількість,-,
екосистем,-,
і,-,
сама,-,
є,-,
середовищем,-,
проживання,-,
декількох,-,
ендемічних,-,
і,-,
зникаючих,-,
видів,-,
",",-,
включаючи,-,
китайських,-,
річкових,-,
дельфінів,-,
(,-,
нині,-,
вимерлі,-,
),-,
",",-,
китайських,-,
алігаторів,-,
",",-,
і,-,
осетра,-,
Янцзи,Янцзи | I-LOC,LOC
.,-,
Протягом,-,
тисячоліть,-,
людина,-,
використовувала,-,
річку,-,
для,-,
пиття,-,
",",-,
зрошення,-,
",",-,
каналізації,-,
",",-,
транспорту,-,
",",-,
промисловості,-,
",",-,
позначення,-,
кордонів,-,
і,-,
воєн,-,
.,-,
ГЕС,-,
«,-,
Три,-,
ущелини,-,
»,-,
на,-,
річці,-,
Янцзи,-,LOC
є,-,
найбільшою,-,
гідроелектростанцією,-,
у,-,
світі,-,
.,-,
В,-,
останні,-,
роки,-,
річка,-,
постраждала,-,
від,-,
промислового,-,
забруднення,-,
навколишнього,-,
середовища,-,
",",-,
сільськогосподарських,-,
стоків,-,
",",-,
замулювання,-,
і,-,
втрати,-,
водно,-,
-,-,
болотних,-,
угідь,-,
та,-,
озер,-,
",",-,
що,-,
посилює,-,
сезонні,-,
повені,-,
.,-,
Деякі,-,
ділянки,-,
річки,-,
в,-,
наш,-,
час,-,
міні,-,
|,-,
праворуч,-,
|,-,
310пкс,-,
|,-,
Дельта,-,
Маккензі,Маккензі | I-PER,LOC
є,-,
джерелом,-,
виносу,-,
седиментів,-,
у,-,
море,-,LOC
Бофорта,-,LOC
"""",-,
Макензі,-,LOC
"""",-,
(,-,
",",-,
),-,
—,-,
найбільша,-,
річка,-,
Канади,Канади | I-LOC,LOC
й,-,
усієї,-,
американської,американської | I-LOC,
Півночі,-,LOC
:,-,
протяжність,-,
річки,-,
—,-,
",",-,
а,-,
річкової,-,
системи,-,
:,-,
Макензі,Макензі | I-LOC,LOC
-,-,
Невільнича,-,LOC
-,- | I-LOC,
Піс,-,LOC
-,-,
Фінлей,-,LOC
—,-,
"""",-,
Інд,Інд | I-LOC,LOC
"""",-,
(,-,
Урду,-,
:,-,
"""",-,
"""",-,
Sindh,-,
"""",-,
"""",-,
;,-,
Синдхі,-,
:,-,
"""",-,
"""",-,
Sindhu,-,
"""",-,
"""",-,
;,-,
пенджабі,пенджабі | I-LOC,
(,-,
Shahmukhi,-,
:,-,
سندھ,-,
",",-,
Gurmukhi,-,
:,-,
ਸਿੰਧੂ,-,
),-,
"""",-,
"""",-,
Sindhu,-,
"""",-,
"""",-,
;,-,
Хінді,-,
та,-,
Санскрит,-,
:,-,
सिन्धु,-,
"""",-,
"""",-,
Sindhu,-,
"""",-,
"""",-,
;,-,
Фарсі,-,
:,-,
"""",-,
"""",-,
حندو,-,
;,-,
Пушту,-,
:,-,
"""",-,
"""",-,
ّ,-,
آباسن,-,
"""",-,
"""",-,
Батько,-,
річок,-,
"""",-,
"""",-,
;,-,
Тибетська,-,
:,-,
"""",-,
"""",-,
«,-,
"""",-,
Левина,-,
Річка,-,
"""",-,
»,-,
;,-,
китайська,-,
:,-,
"""",-,
Дунай,-,LOC
"""",-,
(,-,
антична,-,
назва,-,
—,-,
"""",""" | I-ORG",
Істр,-,LOC
"""",-,
),-,
—,-,
друга,-,
за,-,
довжиною,-,
і,-,
площею,-,
басейну,-,
річка,-,
Європи,Європи | I-LOC,LOC
(,-,
після,-,
Волги,-,LOC
),-,
.,-,
Довжина,-,
—,-,
2960,-,
км,-,
.,-,
Річка,-,
бере,-,
початок,-,
на,-,
території,-,
Німеччини,Німеччини | I-LOC,LOC
",",-,
в,-,
горах,-,
Шварцвальда,-,LOC
.,-,
Далі,-,
протікає,-,
через,-,
столиці,-,
Центральної,Центральної | I-LOC,LOC
та,-,
Східної,Східної | I-LOC,LOC
Європи,Європи | I-LOC,LOC
—,-,
Відень,Відень | I-LOC,LOC
",",-,
Братиславу,Братиславу | I-LOC,LOC
",",-,
Будапешт,Будапешт | I-LOC,LOC
і,-,
Белград,Белград | I-LOC,LOC
",",-,
і,-,
впадає,-,
в,-,
Чорне,-,LOC
море,-,LOC
через,-,
дельту,-,
Дунаю,-,LOC
в,-,
Румунії,Румунії | I-LOC,LOC
та,-,
Україні,Україні | I-LOC,LOC
.,-,
"""",-,
Середня,-,LOC
Замбезі,-,LOC
:,-,
"""",-,
Каломо,-,LOC
(,-,
л,-,
.,-,
),-,
",",-,
Гваї,-,LOC
(,-,
пр,-,
.,-,
),-,
",",-,
Сенгва,-,LOC
(,-,
пр,-,
.,-,
),-,
",",-,
Саньянті,-,LOC
(,-,
пр,-,
.,-,
),-,
",",-,
Кафуе,-,LOC
(,-,
л,-,
.,-,
),-,
",",-,
Луангва,-,LOC
(,-,
л,-,
.,-,
),-,
"""",-,
Саскачеван,Саскачеван | I-LOC,LOC
"""",-,
(,-,
",",-,
),-,
—,-,
одна,-,
з,-,
найбільших,-,
річок,-,
у,-,
Канаді,Канаді | I-LOC,LOC
.,-,
Річка,Річка | I-LOC,
перетинає,-,
провінції,-,
Саскачеван,Саскачеван | I-LOC,LOC
і,-,
Манітоба,Манітоба | I-LOC,LOC
і,-,
впадає,-,
в,-,
озеро,-,
Вінніпег,Вінніпег | I-LOC,LOC
.,-,
Вона,-,
бере,-,
свій,-,
початок,-,
зі,-,
злиттям,-,
двох,-,
приток,-,
річки,-,
Південний,Південний | I-LOC,LOC
Саскачеван,Саскачеван | I-LOC,LOC
і,-,
річки,-,
Північний,Північний | I-LOC,LOC
Саскачеван,Саскачеван | I-LOC,LOC
у,-,
Саскачевані,Саскачевані | I-LOC,LOC
.,-,
Її,-,
басейн,-,
включає,-,
більшу,-,
частину,-,
степових,-,
провінцій,-,
та,-,
західні,-,
схили,-,
Скелястих,-,LOC
гір,-,LOC
в,-,
провінції,-,
Альберта,Альберта | I-LOC,LOC
і,-,
штаті,-,
Монтана,Монтана | I-LOC,LOC
.,-,
У,-,
басейні,-,
річки,-,
живе,-,
близько,-,
трьох,-,
мільйонів,-,
чоловік,-,
.,-,
Річка,-,
тече,-,
у,-,
східному,-,
напрямі,-,
до,-,
містечка,-,
Ніпавін,Ніпавін | I-LOC,LOC
в,-,
Саскачевані,Саскачевані | I-LOC,LOC
",",-,
де,-,
завдяки,-,
греблі,-,
ім,-,
.,-,
Франсіс,Франсіс | I-PER,
Фінлей,Фінлей | I-PER,
утворює,-,
штучне,-,
водосховище,-,
—,-,
озеро,-,
Кодет,Кодет | I-LOC,LOC
.,-,
Нижче,-,
за,-,
течією,-,
в,-,
неї,-,
впадають,-,
річки,-,
Торч,-,LOC
(,-,
),-,
і,-,
Моссі,-,LOC
(,-,
),-,
.,-,
Інше,-,
штучне,-,
водосховище,-,
утворює,-,
гребля,-,
ім,-,
.,-,
Е.Б,Е.Б | I-LOC,
.,. | I-LOC,
Камбел,Камбел | I-LOC,
в,-,
Манітобі,Манітобі | I-LOC,LOC
.,-,
Річка,-,
тече,-,
через,-,
болота,-,
й,-,
озера,-,
до,-,
містечка,-,
Де,Де | I-LOC,LOC
-,- | I-LOC,LOC
Па,Па | I-LOC,LOC
",",-,
де,-,
в,-,
неї,-,
впадає,-,
річка,-,
Керрот,-,LOC
(,-,
),-,
.,. | I-LOC,
Саскачеван,Саскачеван | I-LOC,LOC
формує,-,
річкову,-,
дельту,-,
перед,-,
озером,-,
Сідар,Сідар | I-LOC,LOC
.,-,
Звідси,-,
річка,-,
тече,-,
5,-,
км,-,
до,-,
озера,-,
Вінніпег,Вінніпег | I-LOC,LOC
.,-,
Річка,-,
",",-,
як,-,
і,-,
провінція,-,
Саскачеван,Саскачеван | I-LOC,LOC
",",-,
бере,-,
свою,-,
назву,-,
з,-,
мови,-,
індіанців,-,
племені,-,
крі,-,
—,-,
"""",-,
isiskāciwani,-,
-,-,
sīpiy,-,
"""",-,
",",-,
що,-,
означає,-,
«,-,
"""",-,
швидка,-,
річка,-,
"""",-,
»,-,
.,-,
У,-,
1690,-,
році,-,
службовець,-,
Компанії,-,
Гудзонової,Гудзонової | I-LOC,LOC
затоки,-,LOC
Генрі,Генрі | I-PER,LOC
Келсі,Келсі | I-PER,LOC
першим,-,
з,-,
європейців,-,
побачив,-,
Саскачеван,Саскачеван | I-LOC,LOC
",",-,
а,-,
в,-,
наступному,-,
році,-,
пройшов,-,
вгору,-,
за,-,
течією,-,
від,-,
гирла,-,
в,-,
озері,-,
Вінніпег,Вінніпег | I-LOC,LOC
.,-,
Таким,-,
чином,-,
Келсі,-,
виявився,-,
і,-,
першим,-,
європейцем,-,
",",-,
який,-,
побував,-,
у,-,
канадських,-,
преріях,-,
.,-,
У,-,
1741,-,
році,-,
експедиція,-,
Ла,Ла | I-LOC,
-,-,
Веранді,Веранді | I-LOC,
побувала,-,
на,-,
Південному,-,LOC
Саскачевані,Саскачевані | I-LOC,LOC
",",-,
а,-,
вже,-,
в,-,
1774,-,
році,-,
Метью,Метью | I-PER,
Кокінг,Кокінг | I-PER,
і,-,
Семюель,Семюель | I-PER,
Герн,Герн | I-PER,
заснували,-,
першу,-,
факторію,-,
на,-,
озері,-,
КамберлендХью,-,LOC
Макленнан,-,LOC
«,-,
Семь,-,
рек,-,
Канады,-,
»,-,
(,-,
с,-,
примечаниями,-,
Андрея,-,
Черкасова,Черкасова | I-PER,
),-,
",",-,
Москва,Москва | I-LOC,LOC
",",-,
Прогресс,Прогресс | I-LOC,
",",-,
1990,-,
"""",-,
Ганг,-,LOC
"""",-,
(,-,
",",-,
",",-,
"""",-,
Ганга,-,LOC
"""",-,
",",-,
",",-,
як,-,
і,-,
в,-,
більшості,-,
індійських,-,
мов,-,
;,-,
",",-,
),-,
—,-,
одна,-,
з,-,
найповноводніших,найповноводніших | I-LOC,
та,-,
найдовших,-,
(,-,
2,-,
510,-,
км,-,
),-,
річок,-,
Південної,Південної | I-LOC,LOC
Азії,Азії | I-LOC,LOC
.,-,
Бере,-,
свій,-,
початок,-,
у,-,
Західних,-,LOC
Гімалаях,Гімалаях | I-LOC,LOC
із,-,
льодовика,-,
Ґанґотрі,Ґанґотрі | I-LOC,LOC
в,-,
штаті,-,
Уттаракханд,Уттаракханд | I-LOC,LOC
",",-,
тече,-,
на,-,
південний,-,
схід,-,
",",-,
перетинаючи,-,
Гангську,-,LOC
рівнину,-,LOC
на,-,
півночі,-,
Індії,Індії | I-LOC,LOC
",",-,
і,-,
впадає,-,
в,-,
Бенгальську,-,LOC
затоку,-,LOC
",",-,
формуючи,-,
разом,-,
з,-,
річками,-,
Брахмапутра,Брахмапутра | I-LOC,LOC
і,-,
Меґхна,-,LOC
дельту,-,
Гангу,-,LOC
-,-,
Брахмапутри,-,LOC
(,-,
переважно,-,
на,-,
території,-,
Бангладеш,Бангладеш | I-LOC,LOC
),-,
",",-,
частина,-,
якої,-,
вкрита,-,
лісами,-,
Сундарбанс,-,LOC
.,-,
Ґанґа,-,LOC
(,-,
&,-,
",",-,
),-,
в,-,
індуїстській,-,
міфології,-,
—,-,
небесна,-,
річка,-,
",",-,
яка,-,
спустилася,-,
на,-,
землю,-,
і,-,
стала,-,
річкою,-,
Ганг,Ганг | I-LOC,LOC
.,-,
З,-,
давніх,-,
часів,-,
уважається,-,
священною,-,
для,-,
індусів,-,
.,-,
Індуси,-,
здійснюють,-,
паломництва,-,
до,-,
неї,-,
",",-,
особливо,-,
до,-,
її,-,
витоків,-,
та,-,
міст,-,
Харідвар,Харідвар | I-LOC,LOC
",",-,
Варанасі,Варанасі | I-LOC,LOC
і,-,
Аллахабад,-,LOC
(,-,
місце,-,
впадіння,-,
Ямуни,-,LOC
),-,
.,-,
На,-,
її,-,
берегах,-,
проходять,-,
кремації,-,
",",-,
у,-,
воді,-,
розсіюється,-,
попіл,-,
померлих,-,
індусів,-,
та,-,
здійснюються,-,
обрядові,-,
купання,-,
.,-,
Річка,-,
активно,-,
використовується,-,
для,-,
зрошування,-,
.,-,
Її,-,
басейн,-,
площею,-,
понад,-,
1,-,
млн,-,
км,-,
²,-,
є,-,
одним,-,
з,-,
найгустіше,-,
заселених,-,
регіонів,-,
на,-,
Землі,-,
.,-,
Судноплавство,-,
на,-,
річці,-,
зараз,-,
дещо,-,
ускладнилося,-,
і,-,
можливе,-,
лише,-,
від,-,
гирла,-,
до,-,
міста,-,
Канпур,Канпур | I-LOC,LOC
на,-,
плоскодонних,-,
човнах,-,
.,-,
Ганг,Ганг | I-LOC,LOC
є,-,
головною,-,
водною,-,
артерією,-,
Бенгалу,-,LOC
і,-,
північно,-,
-,-,
західних,-,
штатів,-,
Індії,Індії | I-LOC,LOC
і,-,
часто,-,
розглядається,-,
як,-,
символ,-,
усієї,-,
країни,країни | I-LOC,
.,-,
Перший,-,
премєр,-,
-,-,
міністр,-,
Індії,Індії | I-PER,LOC
Джавахарлал,Джавахарлал | I-PER,
Неру,Неру | I-PER,
в,-,
своїй,-,
класичній,-,
роботі,-,
»,-,
(,-,
1946,-,
),-,
писав,-,
:,-,
Ганг,-,LOC
",",-,
у,-,
більшій,-,
мірі,-,
ніж,-,
решта,-,
річок,-,
Індії,Індії | I-LOC,LOC
",",-,
утримав,-,
її,-,
серце,-,
та,-,
приваблював,-,
до,-,
своїх,-,
берегів,-,
незліченні,-,
мільйони,-,
людей,-,
з,-,
найдавніших,-,
часів,-,
.,-,
Історія,-,
Гангу,-,LOC
",",-,
від,-,
витоків,-,
до,-,
моря,-,
",",-,
з,-,
давнини,-,
до,-,
наших,-,
днів,-,
",",-,
є,-,
історією,-,
цивілізації,-,
та,-,
культури,-,
Індії,Індії | I-LOC,LOC
",",-,
зародження,-,
та,-,
падіння,-,
імперій,-,
",",-,
великих,-,
та,-,
гордих,-,
міст,-,
",",-,
пригод,-,
людини,-,
…,-,
The,The | I-ORG,
Ganges,-,
",",-,
above,-,
all,-,
is,-,
the,-,
river,-,
of,-,
India,-,
",",-,
which,-,
has,-,
held,-,
Indias,-,
heart,-,
captive,-,
and,-,
drawn,-,
uncounted,-,
millions,-,
to,-,
her,-,
banks,-,
since,-,
the,-,
dawn,-,
of,-,
history,-,
.,-,
The,-,
story,-,
of,-,
the,-,
Ganges,-,
",",-,
from,-,
her,-,
source,-,
to,-,
the,-,
sea,-,
",",-,
from,-,
old,-,
times,-,
to,-,
new,-,
",",-,
is,-,
the,-,
story,-,
of,-,
Indias,-,
civilization,-,
and,-,
culture,-,
",",-,
of,-,
the,-,
rise,-,
and,-,
fall,-,
of,-,
empires,-,
",",-,
of,-,
great,-,
and,-,
proud,-,
cities,-,
",",-,
of,-,
adventures,-,
of,-,
man,-,
…,-,
},-,
},-,
"""",-,
Ішим,Ішим | I-ORG,LOC
"""",""" | I-ORG",
(,-,
),-,
—,-,
річка,-,
в,-,
Казахстані,Казахстані | I-LOC,LOC
і,-,
Росії,Росії | I-LOC,LOC
",",-,
ліва,-,
притока,-,
Іртиша,-,LOC
.,-,
Довжина,-,
2,-,
450,-,
км,-,
",",-,
сточище,-,
177,-,
тисяч,-,
км,-,
²,-,
.,-,
Річка,-,
бере,-,
початок,-,
у,-,
горах,-,
Ніяз,-,LOC
;,-,
у,-,
верхівях,-,
тече,-,
переважно,-,
на,-,
захід,-,
і,-,
північний,-,
захід,-,
",",-,
в,-,
основному,-,
вузькою,-,
долиною,-,
",",-,
має,-,
скелясті,-,
береги,-,
.,-,
Нижче,-,
Астани,-,LOC
долина,-,
розширюється,-,
.,-,
Після,-,
Державінська,Державінська | I-LOC,LOC
повертає,-,
на,-,
північ,-,
—,-,
північний,-,
схід,-,
.,-,
Ще,-,
нижче,-,
річка,-,
виходить,-,
на,-,
Західно,-,LOC
-,-,LOC
Сибірську,-,LOC
рівнину,-,
і,-,
тече,-,
степом,-,
в,-,
широкій,-,
заплаві,-,
із,-,
численними,-,
старицями,-,
",",-,
у,-,
низовях,-,
протікає,-,
серед,-,
боліт,-,
.,-,
Річка,-,
судноплавна,-,
вище,-,
від,-,
Петропавловська,Петропавловська | I-LOC,LOC
на,-,
270,-,
км,-,
і,-,
від,-,
Викулово,-,LOC
до,-,
гирла,-,
.,-,
Впадає,-,
в,-,
Іртиш,Іртиш | I-LOC,LOC
біля,-,
села,-,
Усть,Усть | I-LOC,LOC
-,- | I-LOC,LOC
Ішим,Ішим | I-LOC,LOC
.,-,
Живлення,-,
Ішиму,-,
снігове,-,
.,-,
Річка,-,
замерзає,-,
на,-,
початку,-,
листопада,-,
",",-,
скресає,-,
у,-,
квітні,-,
—,-,
травні,-,
.,-,
Найбільш,-,
весняне,-,
повіддя,-,
припадає,-,
на,-,
травень,-,
—,-,
червень,-,
.,-,
У,-,
низовях,-,
річка,-,
в,-,
повідді,повідді | I-LOC,
розливається,-,
до,-,
15,-,
км,-,
.,-,
Середня,-,
витрата,-,
за,-,
215,-,
км,-,
від,-,
гирла,-,
—,-,
"56,3",-,
м,-,
³,-,
/,-,
сек,-,
",",-,
найбільша,-,
686,-,
м,-,
³,-,
/,-,
сек,-,
.,-,
Основні,-,
притоки,-,
—,-,
Колутон,-,LOC
",",-,
Жабай,-,LOC
",",-,
Акканбурлук,-,LOC
(,-,
праві,-,
),-,
;,-,
Терисаккан,-,LOC
(,-,
ліва,-,
),) | I-ORG,
.,-,
На,-,
річці,-,
розташовані,-,
Вячеславське,-,LOC
й,-,
Сергєєвське,-,LOC
водосховища,-,
.,-,
Води,-,
Ішиму,-,LOC
використаються,-,
для,-,
водопостачання,-,
і,-,
зрошення,-,
.,-,
Над,-,
Ішимом,-,LOC
стоять,-,
:,-,
у,-,
Казахстані,Казахстані | I-LOC,LOC
—,-,
Астана,Астана | I-LOC,LOC
",",-,
Державінськ,Державінськ | I-LOC,LOC
",",-,
Есиль,Есиль | I-LOC,LOC
",",-,
Петропавловськ,Петропавловськ | I-LOC,LOC
;,-,
у,-,
Росії,Росії | I-LOC,LOC
—,-,
Ішим,Ішим | I-LOC,LOC
",",-,
Абатське,Абатське | I-LOC,LOC
",",-,
Викулово,-,LOC
",",-,
Каргали,Каргали | I-LOC,LOC
",",-,
Усть,Усть | I-LOC,LOC
-,- | I-LOC,LOC
Ішим,Ішим | I-LOC,LOC
.,-,
(,-,
регіон,-,
=,-,
Башкортостан,Башкортостан | I-LOC,LOC
",",-,
Челябінська,Челябінська | I-LOC,LOC
область,область | I-LOC,LOC
",",-,
Оренбурзька,Оренбурзька | I-LOC,LOC
область,область | I-LOC,LOC
",",-,
Західно,Західно | I-LOC,LOC
-,- | I-LOC,LOC
Казахстанська,Казахстанська | I-LOC,LOC
область,область | I-LOC,LOC
",",-,
Атирауська,Атирауська | I-LOC,LOC
область,-,LOC
),-,
"""",-,
Арканзас,-,LOC
"""",-,
(,-,
;,-,
"""",-,
Арканза,-,LOC
"""",-,
—,-,
вірна,-,
американська,-,
вимова,-,
),-,
—,-,
річка,-,
в,-,
США,США | I-LOC,LOC
",",-,
одна,-,
з,-,
найбільших,-,
правих,-,
приток,-,
річки,-,
Міссісіпі,Міссісіпі | I-LOC,LOC
.,-,
Довжина,-,
—,-,
2,-,
364,-,
кілометри,-,
(,-,
шоста,-,
в,-,
США,США | I-LOC,LOC
",",-,
друга,-,
по,-,
довжині,-,
притока,-,
Міссісіпі,Міссісіпі | I-LOC,LOC
після,-,
Міссурі,Міссурі | I-LOC,LOC
),-,
.,-,
Бере,-,
початок,-,
в,-,
Скелястих,-,LOC
горах,горах | I-LOC,LOC
в,-,
окрузі,-,
Лейк,Лейк | I-LOC,LOC
біля,-,
Ледвілля,Ледвілля | I-LOC,LOC
",",-,
штат,-,
Колорадо,Колорадо | I-LOC,LOC
.,-,
Впадає,-,
в,-,
Міссісіпі,Міссісіпі | I-LOC,LOC
в,-,
Наполеоні,Наполеоні | I-LOC,LOC
",",-,
штат,-,
Арканзас,Арканзас | I-LOC,LOC
.,-,
Площа,-,
басейну,-,
505,-,
тисяч,-,
км,-,
²,-,
",",-,
середня,-,
витрата,-,
води,-,
240,-,
м,-,
³,-,
/,-,
с,-,
",",-,
третя,-,
притока,-,
Міссісіпі,Міссісіпі | I-LOC,LOC
після,-,
Міссурі,Міссурі | I-LOC,LOC
і,-,
Огайо,Огайо | I-LOC,LOC
.,-,
Арканзас,Арканзас | I-LOC,LOC
тече,-,
по,-,
Великим,Великим | I-LOC,LOC
рівнинам,-,LOC
на,-,
схід,-,
і,-,
південний,-,
схід,-,
",",-,
пересікаючи,пересікаючи | I-LOC,
штати,-,
Колорадо,Колорадо | I-LOC,LOC
",",-,
Канзас,Канзас | I-LOC,LOC
",",-,
Оклахома,Оклахома | I-LOC,LOC
і,-,
Арканзас,Арканзас | I-LOC,LOC
.,-,
Перші,-,
приблизно,-,
200,-,
км,-,
у,-,
Скелястих,-,LOC
горах,-,LOC
річка,-,
носить,-,
явно,-,
виражений,-,
гірський,-,
характер,-,
.,-,
У,-,
декількох,-,
місцях,-,
річки,-,
навесні,-,
і,-,
влітку,-,
можливий,-,
рафтінг,-,
.,-,
Ця,-,
ділянка,-,
закінчується,-,
Королівською,-,LOC
ущелиною,-,LOC
",",-,
каньйоном,-,
завдовжки,-,
15,-,
кілометрів,-,
",",-,
шириною,-,
в,-,
найвужчому,-,
місці,-,
15,-,
метрів,-,
",",-,
і,-,
завглибшки,-,
близько,-,
400,-,
метрів,-,
.,-,
За,-,
ущелиною,-,
річка,-,
Арканзас,Арканзас | I-LOC,LOC
виходить,-,
на,-,
рівнину,-,
і,-,
стає,-,
значно,-,
ширшою,-,
",",-,
а,-,
трохи,-,
західніше,-,
за,-,
містом,-,
Пуебло,Пуебло | I-LOC,LOC
(,-,
штат,-,
Колорадо,Колорадо | I-LOC,LOC
),-,
виходить,-,
на,-,
Великі,-,LOC
рівнини,-,LOC
.,-,
Нижче,-,
вона,-,
є,-,
типовою,-,
рівнинною,-,
річкою,-,
",",-,
з,-,
низькими,-,
берегами,-,
",",-,
які,-,
навесні,-,
затопляють,-,
повені,-,
.,-,
Два,-,
найбільші,-,
припливи,-,
—,-,
Сімаррон,-,LOC
і,-,
Солона,-,LOC
притока,-,
.,-,
Нижче,-,
Тулси,Тулси | I-LOC,LOC
",",-,
штат,-,
Оклахома,Оклахома | I-LOC,LOC
",",-,
річка,-,
прохідна,-,
для,-,
великих,-,
суден,-,
.,-,
"""",-,
Колумбія,-,LOC
"""",-,
(,-,
),-,
—,-,
річка,-,
на,-,
північному,-,
заході,-,
Північної,Північної | I-LOC,LOC
Америки,Америки | I-LOC,LOC
.,-,
Перетинає,-,
канадську,-,
провінцію,-,
Британська,Британська | I-LOC,LOC
Колумбія,Колумбія | I-LOC,LOC
",",-,
а,-,
також,-,
американські,-,
штати,-,
Вашингтон,Вашингтон | I-LOC,LOC
і,-,
Орегон,Орегон | I-LOC,LOC
.,. | I-LOC,
Довжина,-,
—,-,
2000,-,
"""",-,
Колорадо,-,LOC
"""",-,
(,-,
",",-,
),-,
—,-,
18,-,
-,-,
та,-,
за,-,
довжиною,-,
річка,-,
США,США | I-LOC,LOC
та,-,
найдовша,-,
річка,-,
",",-,
що,-,
цілком,-,
знаходиться,-,
на,-,
території,-,
штату,-,
Техас,Техас | I-LOC,LOC
",",-,
хоча,-,
частина,-,
її,-,
басейну,-,
і,-,
заходить,-,
на,-,
територію,-,
штату,-,
Нью,Нью | I-LOC,LOC
-,- | I-LOC,LOC
Мексико,Мексико | I-LOC,LOC
.,-,
Річка,-,
має,-,
довжину,-,
1,-,
380,-,
км,-,
та,-,
тече,-,
переважно,-,
на,-,
південний,-,
схід,-,
з,-,
округу,-,
Доусон,Доусон | I-LOC,LOC
через,-,
міста,-,
Марбл,Марбл | I-LOC,LOC
-,-,LOC
Фоллз,-,LOC
",",-,
Остін,Остін | I-PER,LOC
",",-,
Бастроп,-,LOC
",",-,
Смітсвілл,Смітсвілл | I-LOC,LOC
",",-,
Ла,Ла | I-LOC,LOC
-,- | I-LOC,LOC
Ґранде,Ґранде | I-LOC,LOC
",",-,
Коламбус,Коламбус | I-LOC,LOC
",",-,
Вартон,Вартон | I-LOC,LOC
і,-,
Бей,-,LOC
-,- | I-LOC,LOC
Сіті,Сіті | I-LOC,LOC
.,-,
Біля,-,
останнього,-,
річка,-,
впадає,-,
в,-,
затоку,-,
Матаґорда,-,LOC
Мексиканської,-,LOC
затоки,-,LOC
"""",-,
Ріо,Ріо | I-ORG,LOC
-,- | I-ORG,LOC
Саладо,-,LOC
"""",-,
(,-,
),-,
",",-,
або,-,
"""",-,
Саладо,-,LOC
-,- | I-LOC,LOC
дель,дель | I-LOC,LOC
-,-,LOC
Норте,Норте | I-LOC,LOC
"""",-,
—,-,
річка,-,
на,-,
півночі,-,
Аргентини,Аргентини | I-LOC,LOC
у,-,
басейні,-,
Ла,Ла | I-LOC,LOC
-,- | I-LOC,LOC
Плати,Плати | I-LOC,LOC
.,-,
Має,-,
площу,-,
басейну,-,
124,-,
199,-,
км,-,
²,-,
.,-,
"""",-,
Сунгарі,-,LOC
"""",-,
—,-,
річка,-,
в,-,
Китаї,Китаї | I-LOC,LOC
",",-,
права,-,
притока,-,
Амуру,-,LOC
.,-,
Довжина,-,
річки,-,
—,-,
1,-,
840,-,
км,-,
",",-,
площа,-,
басейну,-,
—,-,
546,-,
тисяч,-,
км,-,
²,-,
.,-,
Витоки,-,
—,-,
на,-,
схилах,-,
вулкану,-,
Пектусан,-,LOC
.,-,
Протікає,-,
через,-,
Маньчжурську,-,LOC
низовину,-,LOC
.,-,
На,-,
берегах,-,
Сунгарі,-,LOC
розташовані,-,
великі,-,
міста,-,
Гірин,Гірин | I-LOC,LOC
",",-,
Харбін,Харбін | I-LOC,LOC
",",-,
Цзямуси,Цзямуси | I-LOC,LOC
.,-,
"""",-,
Дон,-,LOC
"""",-,
(,-,
"""",-,
Дін,-,LOC
"""",-,
;,-,
;,-,
від,-,
скіфсько,-,
-,-,
сарматської,-,
основи,-,
"""",-,
dānu,-,
",",-,
"""",-,
в,-,
значенні,-,
«,-,
вода,-,
»,» | I-ORG,
",",-,
«,« | I-ORG,
річка,-,
»,-,
"""",-,
Абаев,-,
В,В | I-ORG,
.,. | I-ORG,
И,И | I-ORG,
.,. | I-ORG,
"""",-,
Историко,-,
-,-,
этимологический,-,
словарь,-,
осетинского,-,
языка,-,
.,-,
Т,Т | I-ORG,
.,. | I-ORG,
1,-,
.,-,
М,М | I-PER,
.,. | I-PER,
—,-,
Л,Л | I-PER,
.,-,
:,-,
Изд,-,
-,-,
во,-,
АН,АН | I-ORG,
СССР,-,
",",-,
1958,-,
.,-,
С,С | I-PER,
.,. | I-PER,
366,-,
–,-,
367,-,
.,-,
;,-,
у,-,
стародавніх,-,
греків,-,
—,-,
Гіргіс,-,
"""",-,
Гуапоре,-,LOC
"""",-,
(,-,
),-,
або,-,
Ітенес,-,
(,-,
),-,
—,-,
річка,-,
на,-,
заході,-,
Бразилії,Бразилії | I-LOC,LOC
та,-,
на,-,
кордоні,-,
Бразивії,Бразивії | I-LOC,LOC
з,-,
Болівією,Болівією | I-LOC,LOC
",",-,
права,-,
притока,-,
річки,-,
Маморе,-,LOC
",",-,
басейну,-,
річок,-,
Мадейра,-,LOC
→,-,
Амазонка,Амазонка | I-LOC,LOC
.,-,
Починається,-,
в,-,
бразильському,бразильському | I-LOC,
штаті,штаті | I-LOC,
Мату,Мату | I-LOC,LOC
-,- | I-LOC,LOC
Гросу,Гросу | I-LOC,LOC
за,-,
150,-,
км,-,
на,-,
північний,-,
схід,-,
від,-,
міста,-,
Понтіс,Понтіс | I-LOC,LOC
-,-,
і,-,
-,-,
Ласерда,-,LOC
.,-,
У,-,
верхній,-,
течії,-,
тече,-,
на,-,
захід,-,
близько,-,
120,-,
км,-,
",",-,
де,-,
біля,-,
міста,-,
Віла,Віла | I-LOC,LOC
-,- | I-LOC,LOC
Бела,Бела | I-LOC,LOC
-,- | I-LOC,LOC
ді,ді | I-LOC,LOC
-,-,LOC
Сантісіма,-,LOC
-,-,LOC
Трінідіджі,-,LOC
до,-,
неї,-,
вливається,-,
річка,-,
Ріо,Ріо | I-LOC,LOC
-,- | I-LOC,LOC
Алегре,Алегре | I-LOC,LOC
.,-,
Потім,-,
Гуапоре,-,LOC
повертає,-,
північніше,-,
",",-,
та,-,
протягом,-,
180,-,
км,-,
служить,-,
кордоном,-,
бразильськіх,-,
штатів,-,
Мату,Мату | I-LOC,LOC
-,- | I-LOC,LOC
Гросу,Гросу | I-LOC,LOC
і,-,
Рондонія,Рондонія | I-LOC,LOC
та,-,
болівійських,-,
департаментів,-,
Санта,Санта | I-LOC,LOC
-,- | I-LOC,LOC
Крус,Крус | I-LOC,LOC
і,-,
Бені,Бені | I-PER,LOC
.,. | I-PER,
Вливається,-,
в,-,
річку,-,
Маморе,Маморе | I-LOC,LOC
біля,-,
міста,-,
Сорпреса,Сорпреса | I-LOC,LOC
.,-,
Довжина,-,
річки,-,
становить,-,
",",-,
за,-,
іншими,-,
даними,-,
—,-,
.,-,
Площа,-,
басейну,-,
—,-,
.,-,
Середньорічний,-,
стік,-,
—,-,
(,-,
район,-,
=,-,
Оймяконський,-,LOC
",",-,
Момський,-,LOC
",",-,
Абийський,-,LOC
та,-,
Аллаїховський,-,LOC
улуси,-,
),-,
"""",-,
Сенегал,-,LOC
",",-,
Сенеґал,-,LOC
"""",-,
(,-,
),-,
—,-,
річка,-,
у,-,
Західній,Західній | I-LOC,LOC
Африці,Африці | I-LOC,LOC
",",-,
в,-,
межах,-,
Гвінеї,Гвінеї | I-LOC,LOC
",",-,
Малі,Малі | I-LOC,LOC
і,-,
на,-,
кордоні,-,
Мавританії,Мавританії | I-LOC,LOC
та,-,
Сенегалу,Сенегалу | I-LOC,LOC
.,-,
Довжина,-,
річки,-,
Сенегал,Сенегал | I-LOC,LOC
—,-,
1430,-,
км,-,
",",-,
площа,-,
басейну,-,
—,-,
441,-,
.,-,
км,-,
²,-,
(,-,
існують,-,
інші,-,
дані,-,
",",-,
в,-,
залежності,-,
від,-,
того,-,
",",-,
де,-,
починають,-,
рахувати,-,
витік,-,
),-,
.,-,
Сенегал,Сенегал | I-LOC,LOC
бере,-,
свій,-,
початок,-,
на,-,
плато,-,
Фута,-,LOC
-,-,LOC
Джалон,-,LOC
(,-,
де,-,
має,-,
назву,-,
Бафінґ,-,LOC
),-,
",",-,
після,-,
злиття,-,
з,-,
річкою,-,
"""",-,
Бакой,-,LOC
"""",-,
одержує,-,
назву,-,
Сенегал,Сенегал | I-LOC,LOC
.,-,
У,-,
верхівї,-,
річка,-,
—,-,
порожиста,порожиста | I-LOC,
",",-,
нижче,-,
має,-,
рівнинний,-,
характер,-,
.,-,
Нижня,-,
течія,-,
Сенегалу,Сенегалу | I-LOC,LOC
є,-,
природним,-,
кордоном,-,
між,-,
Сенегалом,Сенегалом | I-LOC,LOC
і,-,
Мавританією,-,LOC
.,-,
Впадає,-,
в,-,
Атлантичний,Атлантичний | I-LOC,LOC
океан,-,LOC
",",-,
утворюючи,-,
дельту,-,
площею,-,
бл,-,
.,-,
1500,-,
км,-,
²,-,
;,-,
у,-,
гирлі,-,
—,-,
бар,-,
.,-,
Файл:ISS002,-,
-,-,
E,-,
-,-,
5456,-,
2,-,
.,-,
JPG,-,
|,-,
thumb,-,
|,-,
left,-,
|,-,
185px,-,
|,-,
"""",-,
Фотографія,-,
з,-,
супутника,-,
NASA,-,
басейн,-,
річки,-,
|,-,
басейну,-,
річки,-,
Сенегал,Сенегал | I-LOC,LOC
"""",-,
Живлення,-,
Сенегалу,Сенегалу | I-LOC,LOC
переважно,-,
дощове,-,
.,-,
Головні,-,
притоки,-,
:,-,
Фалем,-,LOC
",",-,
Каракоро,-,LOC
і,-,
Горгол,-,LOC
.,-,
Характерні,-,
коливання,-,
витрат,-,
води,-,
—,-,
від,-,
5,-,
.,-,
м,-,
³,-,
/,-,
с,-,
у,-,
дощовий,-,
період,-,
до,-,
5,-,
м,-,
³,-,
/,-,
с,-,
у,-,
посушливий,-,
.,-,
Під,-,
час,-,
сезону,-,
дощів,-,
Сенегал,Сенегал | I-LOC,LOC
стає,-,
судноплавним,-,
—,-,
до,-,
міста,-,
Каєс,Каєс | I-LOC,LOC
.,-,
На,-,
річці,-,
розташовані,-,
ГЕСи,-,
.,-,
По,-,
всій,-,
течії,-,
Сенегалу,Сенегалу | I-LOC,LOC
активним,-,
є,-,
рибальство,-,
.,-,
В,-,
естуарії,-,
розташоване,-,
сенегальське,-,
портове,-,
місто,-,
Сен,Сен | I-LOC,LOC
-,- | I-LOC,LOC
Луї,Луї | I-LOC,LOC
.,-,
З,-,
1972,-,
року,-,
на,-,
основі,-,
міждержавної,-,
угоди,-,
Малі,Малі | I-LOC,LOC
",",-,
Сенегалу,Сенегалу | I-LOC,LOC
та,-,
Мавританії,Мавританії | I-LOC,LOC
здійснюються,-,
заходи,-,
з,-,
врегулювання,-,
стоку,-,
Сенегалу,Сенегалу | I-LOC,LOC
та,-,
комплексному,-,
використанню,-,
його,-,
вод,-,
",",-,
зокрема,-,
для,-,
спільного,-,
управління,-,
басейном,-,
трьома,-,
названими,-,
державами,-,
створено,-,
Організацію,-,
з,-,
вимірювання,-,
і,-,
оцінки,-,
річки,-,
Сенегал,Сенегал | I-LOC,LOC
(,-,
"""",-,
Ломамі,-,LOC
"""",-,
(,-,
Lomami,-,
),-,
—,-,
річка,-,
в,-,
Центральній,Центральній | I-LOC,LOC
Африці,Африці | I-LOC,LOC
",",-,
в,-,
Демократичній,Демократичній | I-LOC,LOC
Республіці,Республіці | I-LOC,LOC
Конго,Конго | I-LOC,LOC
",",-,
ліва,-,
притока,-,
річки,-,
Конго,Конго | I-LOC,LOC
.,-,
Довжина,-,
близько,-,
1,-,
500,-,
км,-,
",",-,
площа,-,
басейну,-,
110,-,
тисяч,-,
км,-,
²,-,
.,-,
Бере,-,
початок,-,
на,-,
плато,-,
Катанга,-,LOC
",",-,
тече,-,
на,-,
північ,-,
",",-,
глибоко,-,
врізаючись,-,
в,-,
піщані,-,
плато,-,
і,-,
утворюючи,-,
численні,-,
водоспади,-,
.,-,
Підйом,-,
води,-,
з,-,
вересня,-,
по,-,
квітень,-,
",",-,
в,-,
сезон,-,
дощів,-,
.,-,
Судноплавна,-,
на,-,
330,-,
км,-,
від,-,
гирла,-,
.,-,
Найбільшими,-,
населеними,-,
пунктами,-,
на,-,
річці,-,
є,-,
Лубао,-,LOC
",",-,
Тшофа,-,LOC
",",-,
Комбе,-,LOC
",",-,
Болаіті,-,LOC
.,-,
"""",-,
Ґодаварі,-,LOC
"""",-,
(,-,
",",-,
телугу,-,
:,-,
గోదావరి,-,
),-,
—,-,
річка,-,
у,-,
південно,-,
-,-,
західній,-,
Індії,Індії | I-LOC,LOC
",",-,
одна,-,
з,-,
найбільших,-,
за,-,
стоком,-,
та,-,
довжиною,-,
річок,-,
країни,-,
.,-,
Вона,Вона | I-PER,
бере,-,
початок,-,
у,-,
міста,-,
Трімбак,Трімбак | I-LOC,LOC
в,-,
штаті,-,
Махараштра,Махараштра | I-LOC,LOC
",",-,
тече,-,
на,-,
схід,-,
через,-,
штати,-,
Махараштра,Махараштра | I-LOC,LOC
і,-,
Андхра,Андхра | I-LOC,LOC
-,- | I-LOC,LOC
Прадеш,Прадеш | I-LOC,LOC
та,-,
впадає,-,
в,-,
Бенгальську,-,LOC
затоку,-,LOC
біля,-,
міста,-,
Раджамандрі,Раджамандрі | I-LOC,LOC
.,-,
Ґодаварі,Ґодаварі | I-PER,LOC
—,-,
священна,-,
для,-,
індусів,-,
річка,-,
",",-,
на,-,
її,-,
берегах,-,
знаходиться,-,
кілька,-,
центрів,-,
паломництва,-,
.,-,
Хоча,-,
річка,-,
бере,-,
початок,-,
всього,-,
за,-,
80,-,
км,-,
від,-,
Аравійського,-,LOC
моря,-,LOC
",",-,
на,-,
східних,-,
схилах,-,
Західних,-,LOC
Ґат,Ґат | I-LOC,LOC
",",-,
її,-,
води,-,
проходять,-,
1465,-,
км,-,
",",-,
перетинаючи,-,
плато,-,
Декан,-,LOC
",",-,
щоб,-,
досягти,-,
Бенгальської,-,LOC
затоки,-,LOC
",",-,
до,-,
якого,-,
Ґодаварі,-,LOC
впадає,-,
",",-,
розділяючись,-,
на,-,
два,-,
рукави,-,
",",-,
утворюючи,-,
спільну,-,
дельту,-,
з,-,
річкою,-,
Крішна,Крішна | I-LOC,LOC
.,-,
Небагато,-,
вище,-,
за,-,
місто,-,
Раджамундрі,Раджамундрі | I-LOC,LOC
побудована,-,
дамба,-,
",",-,
що,-,
забезпечує,-,
воду,-,
для,-,
зрошування,-,
і,-,
вироблення,-,
електроенергії,-,
.,-,
В,-,
цілому,-,
",",-,
більша,-,
частина,-,
води,-,
річки,-,
забирається,-,
для,-,
зрошування,-,
.,-,
ліві,-,
:,-,
Стривігор,-,LOC
",",-,
Верещиця,Верещиця | I-LOC,LOC
",",-,
Гнила,Гнила | I-LOC,LOC
Липа,Липа | I-LOC,LOC
",",-,
Золота,Золота | I-LOC,LOC
Липа,Липа | I-LOC,LOC
",",-,
Стрипа,Стрипа | I-LOC,LOC
",",-,
Серет,Серет | I-LOC,LOC
",",-,
Нічлава,Нічлава | I-LOC,LOC
",",-,
Дзвіна,Дзвіна | I-LOC,LOC
",",-,
Збруч,Збруч | I-LOC,LOC
",",-,
Жванчик,Жванчик | I-LOC,LOC
",",-,
Смотрич,Смотрич | I-LOC,LOC
",",-,
Ушиця,Ушиця | I-LOC,LOC
",",-,
Лядова,Лядова | I-LOC,LOC
",",-,
Ягорлик,Ягорлик | I-LOC,LOC
",",-,
Кучурган,-,LOC
(,-,
підпис,-,
=,-,
річка,-,
Бенуе,-,LOC
на,-,
південний,-,
схід,-,
від,-,
м.Джімета,м.Джімета | I-LOC,LOC
(,-,
Jimeta,-,
),-,
",",-,
Нігерія,Нігерія | I-LOC,LOC
),-,
"""",-,
Вятка,-,LOC
"""",-,
/,-,
/,-,
Атлас,-,
світу,-,
.,-,
—,-,
К,К | I-PER,
.,-,
:,-,
ДНВП,-,
«,-,
Картографія,-,
»,» | I-ORG,
",",-,
2005,-,
.,-,
—,-,
336,-,
с,-,
.,-,
ISBN,-,
966,-,
-,-,
631,-,
-,-,
546,-,
-,-,
7,-,
(,-,
також,-,
"""",-,
Вятка,-,LOC
"""",-,
;,-,
",",-,
",",-,
",",-,
",",-,
",",-,
"""",-,
Фрейзер,Фрейзер | I-PER,LOC
"""",-,
(,-,
),-,
—,-,
найдовша,-,
річка,-,
провінції,-,
Британська,Британська | I-LOC,LOC
Колумбія,Колумбія | I-LOC,LOC
",",-,
Канада,Канада | I-LOC,LOC
.,-,
Середньорічний,-,
стік,-,
3,-,
550,-,
м,-,
³,-,
/,-,
с,-,
.,-,
Площа,-,
басейну,-,
220,-,
.,-,
км,-,
²,-,
.,-,
Бере,-,
початок,-,
в,-,
льодовикових,-,
горах,-,
Йеллоугед,-,LOC
Пась,-,LOC
",",-,
Скелясті,-,LOC
гори,-,LOC
.,-,
Впадає,-,
у,-,
річку,-,
Нечако,Нечако | I-LOC,LOC
біля,-,
міста,-,
Прінс,Прінс | I-LOC,LOC
-,-,LOC
Джордж,Джордж | I-LOC,LOC
.,-,
Річка,Річка | I-PER,
Томпсон,Томпсон | I-PER,LOC
впадає,-,
у,-,
річку,-,
Фрейзер,Фрейзер | I-LOC,LOC
у,-,
містечку,-,
Літтон,Літтон | I-LOC,LOC
.,-,
Після,-,
цього,-,
Фрейзер,Фрейзер | I-PER,LOC
протікає,-,
серед,-,
гір,-,
Берегового,-,LOC
хребта,-,LOC
(,-,
),-,
по,-,
Каньйону,-,LOC
Фрейзер,Фрейзер | I-LOC,LOC
(,-,
),-,
довжиною,-,
270,-,
кілометрів,-,
",",-,
а,-,
потім,-,
тече,-,
в,-,
долині,-,
Фрейзер,Фрейзер | I-PER,LOC
Валлі,Валлі | I-PER,LOC
(,-,
Файл:MtskhetaMtkvariAragvi.jpg,-,
|,-,
thumb,-,
|,-,
250px,-,
|,-,
right,-,
|,-,
Злиття,-,
річок,-,
Арагва,-,LOC
і,-,
Мткварі,-,LOC
(,-,
Кура,Кура | I-ORG,LOC
),) | I-ORG,
",",-,
Мцхета,Мцхета | I-LOC,LOC
.,-,
Файл:KuraRiver.jpg,-,
|,-,
thumb,-,
|,-,
250px,-,
|,-,
right,-,
|,-,
Напівпустельний,-,
ландшафт,-,
біля,-,
Вардзіа,Вардзіа | I-LOC,LOC
.,-,
"""",-,
Крішна,-,LOC
"""",-,
(,-,
на,-,
санскрите,-,
означає,-,
«,-,
темна,-,
»,-,
),-,
",",-,
також,-,
називається,-,
"""",-,
Крішнавені,-,LOC
"""",-,
—,-,
одна,-,
з,-,
найдовших,-,
річок,-,
Індії,Індії | I-LOC,LOC
(,-,
довжина,-,
близько,-,
1300,-,
км,-,
),-,
.,-,
Бере,-,
початок,-,
біля,-,
містечка,-,
Махабалесвар,Махабалесвар | I-LOC,LOC
у,-,
штаті,-,
Махараштра,Махараштра | I-LOC,LOC
",",-,
впадає,-,
в,-,
Бенгальська,-,LOC
затока,-,LOC
біля,-,
села,-,
Хамасаладееві,Хамасаладееві | I-LOC,LOC
в,-,
штаті,-,
Андхра,Андхра | I-LOC,LOC
-,- | I-LOC,LOC
Прадеш,Прадеш | I-LOC,LOC
.,-,
Річка,-,
також,-,
протікає,-,
через,-,
штат,-,
Карнатака,Карнатака | I-LOC,LOC
.,-,
Дельта,-,
річки,-,
—,-,
один,-,
з,-,
найбільш,-,
родючих,-,
районів,-,
Індії,Індії | I-LOC,LOC
",",-,
тут,-,
були,-,
резиденції,-,
древніх,-,
царів,-,
Сатавахана,-,LOC
і,-,
Ікшваку,Ікшваку | I-LOC,LOC
.,-,
На,-,
річці,-,
розташоване,-,
місто,-,
Амаравати,Амаравати | I-LOC,LOC
.,-,
Легендарний,-,
джерело,-,
річки,-,
бє,-,
ключем,-,
з,-,
рота,-,
статуї,-,
корови,-,
в,-,
древньому,-,
храмі,-,
",",-,
присвяченому,-,
Шиві,-,
в,-,
Махабалешваре,Махабалешваре | I-PER,LOC
.,-,
Легенда,-,
свідчить,-,
",",-,
що,-,
в,-,
цю,-,
річку,-,
звернувся,-,
Вішну,Вішну | I-PER,LOC
в,-,
результаті,-,
прокляття,-,
",",-,
яке,-,
Савитр,Савитр | I-PER,LOC
послав,-,
на,-,
Тримурти,Тримурти | I-LOC,LOC
.,-,
За,-,
легендою,-,
",",-,
притоки,-,
Крішни,-,LOC
Венна,-,LOC
і,-,
Кояна,-,LOC
—,-,
це,-,
самі,-,
Шива,-,
і,-,
Брахма,Брахма | I-PER,
.,. | I-PER,
Цікаво,Цікаво | I-PER,
відзначити,-,
",",-,
що,-,
ще,-,
4,-,
інші,-,
річки,-,
витікають,-,
з,-,
рота,-,
корови,-,
",",-,
і,-,
вони,-,
до,-,
впадіння,-,
в,-,
річку,-,
Крішна,-,LOC
протікають,-,
певну,-,
відстань,-,
.,-,
Ці,-,
річки,-,
—,-,
Кояна,-,LOC
",",-,
Венна,-,LOC
(,-,
Вені,-,LOC
),-,
",",-,
Савітрі,Савітрі | I-LOC,LOC
і,-,
Гаятри,-,LOC
.,-,
В,-,
даний,-,
час,-,
річка,-,
переживає,-,
екологічну,-,
катастрофу,-,
",",-,
в,-,
сезон,-,
мусон,-,
ів,-,
(,-,
червень,-,
-,-,
серпень,-,
),-,
річка,-,
викликає,-,
сильну,-,
ерозію,-,
ґрунту,-,
",",-,
в,-,
цей,-,
час,-,
протягом,-,
річки,-,
стає,-,
швидким,-,
і,-,
бурхливим,-,
і,-,
річка,-,
забирає,-,
родючий,-,
ґрунт,-,
зі,-,
штатів,-,
Махараштра,Махараштра | I-LOC,LOC
",",-,
Карнатака,Карнатака | I-LOC,LOC
і,-,
Андхра,Андхра | I-LOC,LOC
-,- | I-LOC,LOC
Прадеш,Прадеш | I-LOC,LOC
в,-,
район,-,
своєї,-,
дельти,-,
.,-,
Серед,-,
трьох,-,
приток,-,
річки,-,
Крішна,-,LOC
найбільшим,-,
є,-,
права,-,
притока,-,
Гунгабхадра,-,LOC
.,-,
"""",-,
Нармада,-,LOC
"""",-,
",",-,
або,-,
"""",-,
Нарбада,-,LOC
"""",-,
(,-,
),-,
—,-,
одна,-,
зі,-,
священних,-,
річок,-,
Індії,Індії | I-LOC,LOC
.,-,
Витік,-,
Нармади,-,LOC
знаходиться,-,
в,-,
центральній,-,
Індії,Індії | I-LOC,LOC
",",-,
вона,-,
впадає,-,
в,-,
Аравійське,-,LOC
море,-,LOC
.,-,
Загальна,-,
довжина,-,
Нармади,-,LOC
становить,-,
1,-,
312,-,
кмSharad,-,
K,-,
.,-,
Jain,Jain | I-PER,
",",-,
Pushpendra,-,
K,-,
.,-,
Agarwal,Agarwal | I-PER,
",",-,
Vijay,-,
P,-,
.,-,
Singh,Singh | I-PER,
:,-,
"""",-,
Hydrology,-,
and,-,
water,-,
resources,resources | I-ORG,
of,-,
India,-,
"""",-,
.,-,
New,-,
York,York | I-ORG,
2007,-,
",",-,
p,-,
.,-,
513,-,
-,-,
559,-,
.,-,
Площа,-,
басейну,-,
близько,-,
102,-,
.,-,
км,-,
²,-,
",",-,
середня,-,
витрата,-,
води,-,
1,-,
260,-,
м,-,
³,-,
/,-,
сГеографический,-,
энциклопедический,-,
словарь,-,
.,-,
Москва,Москва | I-LOC,LOC
.,-,
«,-,
Советская,-,
энциклопедия,-,
»,-,
.,-,
1989,-,
.,-,
стор,-,
.,-,
330,-,
"""",-,
Оттава,Оттава | I-ORG,LOC
"""",""" | I-ORG",
(,-,
",",-,
),-,
—,-,
найдовша,-,
річка,-,
у,-,
провінціях,-,
Квебек,Квебек | I-LOC,LOC
і,-,
Онтаріо,Онтаріо | I-LOC,LOC
",",-,
Канада,Канада | I-LOC,LOC
.,-,
Середньорічний,-,
стік,-,
1,-,
950,-,
м,-,
³,-,
/,-,
с,-,
.,-,
Сточище,-,
146,-,
300,-,
км,-,
²,-,
.,-,
Беручи,-,
початок,-,
на,-,
озері,-,
Капімичіґама,-,LOC
у,-,
Лаврентійських,Лаврентійських | I-LOC,LOC
горах,-,LOC
",",-,
річка,-,
тече,-,
до,-,
озера,-,
Тіміскамінг,-,LOC
",",-,
відтак,-,
—,-,
до,-,
міст,-,
Гатіно,Гатіно | I-LOC,LOC
і,-,
Оттава,Оттава | I-LOC,LOC
через,-,
"""",-,
водоспад,-,
Шодьє,-,LOC
"""",-,
.,-,
Річки,-,
Рідо,-,LOC
(,-,
),-,
і,-,
Гатіно,Гатіно | I-LOC,LOC
(,-,
),-,
впадають,-,
у,-,
р,-,
.,. | I-LOC,
Оттава,Оттава | I-LOC,LOC
у,-,
містах,-,
Гатіно,Гатіно | I-LOC,LOC
і,і | I-LOC,
Оттава,Оттава | I-LOC,LOC
",",-,
звідки,-,
річка,-,
тече,-,
в,-,
озеро,-,
Де,-,LOC
-,- | I-LOC,LOC
Монтань,Монтань | I-LOC,LOC
(,-,
),-,
і,-,
вливається,-,
в,-,
річку,-,LOC
Святого,Святого | I-PER,LOC
Лаврентія,Лаврентія | I-PER,LOC
.,-,
На,-,
річці,-,
Оттава,Оттава | I-LOC,LOC
—,-,
13,-,
гідроелектростанцій,-,
",",-,
які,-,
є,-,
власністю,-,
державних,-,
електричних,-,
компаній,-,
Квебеку,Квебеку | I-ORG,LOC
-,-,
(,-,
читається,-,
як,-,
«,-,
Ідро,-,
-,-,
Кебек,-,
»,-,
),-,
і,-,
«,« | I-ORG,
Онтаріо,Онтаріо | I-ORG,LOC
-,- | I-ORG,
Гайдро,-,
»,-,
"""",-,
(,-,
),-,
.,-,
Річка,-,
Оттава,Оттава | I-LOC,LOC
є,-,
частиною,-,
мезозойської,-,
рифтової,-,
долини,-,
Оттава,Оттава | I-LOC,LOC
-,- | I-LOC,
Боннешер,-,
Ґрабен,-,
(,-,
"""",-,
Атабаска,-,LOC
"""",-,
—,-,
річка,-,
на,-,
заході,-,
Канади,Канади | I-LOC,LOC
(,-,
система,-,
річки,-,
Макензі,Макензі | I-LOC,LOC
),-,
.,-,
Довжина,-,
1,-,
231,-,
кілометрів,-,
",",-,
площа,-,
басейну,-,
153,-,
.,-,
км,-,
²,-,
.,-,
Бере,-,
початок,-,
у,-,
Скелястих,-,LOC
горах,-,LOC
",",-,
протікає,-,
Великими,-,LOC
рівнинами,-,LOC
",",-,
посеред,-,
розробок,-,
Нафтових,-,
пісків,-,
Атабаски,-,LOC
",",-,
впадає,-,
в,-,
озеро,-,
Атабаска,Атабаска | I-LOC,LOC
.,-,
Середні,-,
витрати,-,
651,-,
м,-,
³,-,
/,-,
с,-,
",",-,
льодостав,-,
з,-,
жовтня,-,
по,-,
квітень,-,
.,-,
Судноплавна,-,
від,-,
міста,-,
Мак,Мак | I-PER,LOC
-,- | I-PER,LOC
Маррі,Маррі | I-PER,LOC
.,-,
"""",-,
Північний,-,LOC
Саскачеван,Саскачеван | I-LOC,LOC
"""",-,
(,-,
",",-,
),-,
—,-,
річка,-,
в,-,
Канаді,Канаді | I-LOC,LOC
",",-,
що,-,
бере,-,
свій,-,
початок,-,
від,-,
саскачеванського,-,
льодовика,-,
в,-,
Альберті,Альберті | I-LOC,LOC
й,-,
тече,-,
через,-,
провінції,-,
Альберта,Альберта | I-LOC,LOC
та,-,
Саскачеван,Саскачеван | I-LOC,LOC
до,-,
річки,-,
Саскачеван,Саскачеван | I-LOC,LOC
.,-,
Річка,-,
прямує,-,
до,-,
штучного,-,
водосховища,-,
озера,-,
Абрахам,Абрахам | I-PER,LOC
.,-,
Від,-,
греблі,-,
Біґ,-,
-,-,
горн,-,
Північний,Північний | I-LOC,LOC
Саскачеван,-,LOC
тече,-,
до,-,
міста,-,
Роккі,Роккі | I-LOC,LOC
–,-,LOC
Маунтен,-,LOC
-,-,LOC
Хаус,-,LOC
",",-,
відтак,-,
напівніч,-,
і,-,
схід,-,
до,-,
міст,-,
Едмонтонy,Едмонтонy | I-LOC,LOC
Форт,Форт | I-LOC,LOC
-,- | I-LOC,LOC
Саскачеван,Саскачеван | I-LOC,LOC
.,-,
У,-,
Саскачевані,Саскачевані | I-LOC,LOC
річка,-,
протікає,-,
через,-,
міста,-,
Норт,Норт | I-LOC,LOC
-,- | I-LOC,LOC
Бетлфорд,Бетлфорд | I-LOC,LOC
і,-,
Принс,Принс | I-LOC,LOC
-,-,LOC
Альберт,Альберт | I-LOC,LOC
та,-,
вливається,-,
у,-,
річку,-,
Саскачеван,Саскачеван | I-LOC,LOC
.,-,
"""",-,
Кванго,-,LOC
"""",-,
(,-,
Kwango,-,
",",-,
Cuango,-,
),-,
—,-,
річка,-,
в,-,
Центральній,Центральній | I-LOC,LOC
Африці,Африці | I-LOC,LOC
",",-,
в,-,
Анголі,Анголі | I-LOC,LOC
і,-,
Демократичній,Демократичній | I-LOC,LOC
республіці,республіці | I-LOC,LOC
Конго,Конго | I-LOC,LOC
.,-,
Найбільша,-,
ліва,-,
притока,-,
річки,-,
Касаї,-,LOC
",",-,
що,-,
належить,-,
до,-,
басейну,-,
річки,-,
Конго,Конго | I-LOC,LOC
.,-,
Довжина,-,
близько,-,
1100,-,
км,-,
.,-,
Площа,-,
басейну,-,
"263,5",-,
тис,-,
.,-,
км,-,
²,-,
.,-,
Бере,-,
початок,-,
на,-,
плато,-,
Лунда,Лунда | I-LOC,LOC
у,-,
центральній,-,
Анголі,Анголі | I-LOC,LOC
",",-,
тече,-,
на,-,
Захід,Захід | I-LOC,
широкою,-,
і,-,
глибокою,-,
долиною,-,
",",-,
утворюючи,-,
ряд,-,
порогів,-,
і,-,
водоспадів,-,
.,-,
Головні,-,
притоки,-,
—,-,
Вамба,-,LOC
і,-,
Квілу,-,LOC
(,-,
справа,-,
),-,
.,-,
Впадає,-,
в,-,
Касаї,Касаї | I-LOC,LOC
поблизу,-,
міста,-,
Бандунду,Бандунду | I-LOC,LOC
.,-,
Підйом,-,
води,-,
з,-,
вересня,-,
—,-,
жовтня,-,
по,-,
квітень,-,
",",-,
в,-,
сезон,-,
дощів,-,
;,-,
найнижчий,-,
рівень,-,
—,-,
в,-,
серпні,-,
.,-,
Середня,-,
річна,-,
витрата,-,
води,-,
в,-,
нижній,-,
течії,-,
—,-,
"2,7",-,
тис,-,
.,-,
м,-,
³,-,
/,-,
сек,-,
.,-,
Судноплавна,-,
від,-,
гирла,-,
до,-,
порогів,-,
Кінгуші,-,LOC
(,-,
307,-,
км,-,
),-,
",",-,
і,-,
частково,-,
в,-,
середній,-,
течії,-,
(,-,
між,-,
Кінгуші,-,LOC
і,-,
водоспадом,-,LOC
Франца,Франца | I-PER,LOC
-,- | I-PER,LOC
Йосипа,Йосипа | I-PER,LOC
",",-,
близько,-,
300,-,
км,-,
),-,
.,-,
"""",-,
Чу,-,LOC
"""",-,
(,-,
",",-,
),-,
—,-,
річка,-,
в,-,
Киргизстані,Киргизстані | I-LOC,LOC
та,-,
Казахстані,Казахстані | I-LOC,LOC
.,-,
Утворюється,-,
при,-,
злитті,-,
річок,-,
Джоонарик,-,LOC
і,-,
Кочкор,-,LOC
",",-,
які,-,
беруть,-,
початок,-,
у,-,
хребтах,-,
Терсей,-,LOC
-,-,LOC
Алатау,Алатау | I-LOC,LOC
і,-,
Киргизькому,Киргизькому | I-LOC,LOC
.,-,
Нижче,-,
їх,-,
злиття,-,
Чу,Чу | I-PER,LOC
проривається,-,
до,-,
Іссик,-,LOC
-,-,LOC
Кульської,-,LOC
улоговини,-,
",",-,
де,-,
тече,-,
на,-,
захід,-,
від,-,
озера,-,
Іссик,Іссик | I-LOC,LOC
-,- | I-LOC,LOC
Куль,Куль | I-LOC,LOC
;,-,
у,-,
паводок,-,
рукавом,-,
Кутемалди,-,LOC
частина,-,
стоку,-,
Чу,-,LOC
скидається,-,
в,-,
озеро,-,
.,-,
Через,-,
Боомську,-,LOC
ущелину,-,LOC
річка,-,
виходить,-,
до,-,
Чуйської,-,LOC
долини,-,LOC
",",-,
де,-,
з,-,
сусідніх,-,
гір,-,
стікають,-,
численні,-,
притоки,-,
.,-,
У,-,
низинах,-,
річка,-,
перетинає,-,
пустелю,-,
Муюнкум,-,LOC
і,-,
впадає,-,
у,-,
озеро,-,
Акжайкин,-,LOC
в,-,
западині,-,
Ащиколь,-,LOC
.,-,
Живлення,-,
льодовиково,-,
-,-,
снігове,-,
;,-,
істотна,-,
роль,-,
підземного,-,
стоку,-,
.,-,
Середня,-,
витрата,-,
води,-,
при,-,
виході,-,
з,-,
гір,-,
130,-,
м,-,
³,-,
/,-,
с,-,
",",-,
найбільший,-,
стік,-,
в,-,
липні,-,
—,-,
серпні,-,
;,-,
у,-,
низинах,-,
наприкінці,-,
липня,-,
—,-,
на,-,
початку,-,
серпня,-,
пересихає,-,
",",-,
у,-,
грудні,-,
стік,-,
відновлюється,-,
.,-,
У,-,
верхівях,-,
лід,-,
з,-,
листопада,-,
по,-,
квітень,-,
",",-,
у,-,
низинах,-,
—,-,
з,-,
грудня,-,
по,-,
березень,-,
.,-,
Основні,-,
притоки,-,
:,-,
праві,-,
:,-,
Чон,-,LOC
-,-,
Кемін,-,LOC
",",-,
Іргайти,-,LOC
",",-,
Какпатас,-,LOC
;,-,
ліві,-,
:,-,
Аламедін,-,LOC
",",-,
Аксу,Аксу | I-LOC,LOC
",",-,
Курагати,Курагати | I-LOC,LOC
.,-,
На,-,
Чу,Чу | I-LOC,LOC
розташоване,-,
Ортокойське,-,LOC
водосховище,-,LOC
",",-,
три,-,
водопідйомних,-,
греблі,-,
.,-,
Численні,-,
зрошувальні,-,
канали,-,
(,-,
на,-,
зрошування,-,
витрачається,-,
55,-,
%,-,
стоку,-,
),-,
.,-,
"""",-,
Бермехо,-,LOC
"""",-,
(,-,
—,-,
Руда,-,LOC
),-,
—,-,
річка,-,
у,-,
районі,-,
низини,-,
Ла,Ла | I-LOC,LOC
-,- | I-LOC,LOC
Плати,Плати | I-LOC,LOC
",",-,
важлива,-,
притока,-,
річки,-,
Парагвай,Парагвай | I-LOC,LOC
",",-,
що,-,
починається,-,
в,-,
Болівії,Болівії | I-LOC,LOC
та,-,
тече,-,
через,-,
територію,-,
Аргентини,Аргентини | I-LOC,LOC
.,-,
Витоки,-,
Бермехо,-,LOC
знаходяться,-,
у,-,
горах,-,LOC
Санта,Санта | I-LOC,LOC
-,- | I-LOC,LOC
Вікторія,Вікторія | I-LOC,LOC
у,-,
болівійському,болівійському | I-LOC,
департаменті,-,
Таріха,Таріха | I-LOC,LOC
(,-,
"""",-,
Флай,-,LOC
"""",-,
(,-,
",",-,
ток,-,
-,-,
пісін,-,
"""",-,
wara,-,
Flai,-,
"""",-,
),-,
—,-,
річка,-,
на,-,
острові,-,
Нова,Нова | I-LOC,LOC
Гвінея,Гвінея | I-LOC,LOC
",",-,
протікає,-,
територією,-,
країни,-,
Папуа,Папуа | I-LOC,LOC
Нова,Нова | I-LOC,LOC
Гвінея,Гвінея | I-LOC,LOC
і,-,
частково,-,
кордоном,-,
з,-,
Індонезією,Індонезією | I-LOC,LOC
.,-,
Друга,-,
за,-,
довжиною,-,
річка,-,
острова,-,
—,-,
має,-,
довжину,-,
1120,-,
км,-,
",",-,
площа,-,
басейна,-,
—,-,
76,-,
.,-,
км,-,
²,-,
.,-,
(,-,
регіон,-,
=,-,
Тверська,Тверська | I-LOC,LOC
область,область | I-LOC,LOC
",",-,
Смоленська,Смоленська | I-LOC,LOC
область,область | I-LOC,LOC
",",-,
Вітебська,Вітебська | I-LOC,LOC
область,область | I-LOC,LOC
),-,
"""",-,
Колорадо,-,LOC
"""",-,
",",-,
або,-,
"""",-,
Ріо,Ріо | I-LOC,LOC
-,- | I-LOC,LOC
Колорадо,Колорадо | I-LOC,LOC
"""",-,
(,-,
),-,
—,-,
річка,-,
в,-,
Патагонії,-,LOC
(,-,
південь,-,
Аргентини,Аргентини | I-LOC,LOC
),-,
.,-,
Річка,-,
починається,-,
на,-,
східному,-,
схилі,-,
Анд,-,LOC
",",-,
біля,-,
вулкану,-,
Домуйо,-,LOC
(,-,
),-,
—,-,
утворюється,-,
злиттям,-,
річок,-,
Барранкас,Барранкас | I-LOC,LOC
і,-,
Ріо,Ріо | I-LOC,LOC
-,- | I-LOC,LOC
Гранде,Гранде | I-LOC,LOC
",",-,
та,-,
тече,-,
",",-,
перетинаючи,-,
посушливу,-,
область,-,
північної,-,
Патагонії,-,LOC
",",-,
на,-,
південний,-,
схід,-,
до,-,
впадіння,-,
в,-,
Атлантичний,-,LOC
океан,-,LOC
",",-,
формуючи,-,
дельту,-,
між,-,
широтами,-,
39,-,
°,-,
30,-,
і,-,
39,-,
°,-,
50,-,
пд,-,
.,-,
ш,-,
.,-,
Довжина,-,
річки,-,
близько,-,
1114,-,
км,-,
",",-,
з,-,
яких,-,
300,-,
км,-,
біля,-,
гирла,-,
судноплавні,-,
для,-,
суден,-,
з,-,
осадкою,-,
до,-,
2,-,
м,-,
.,-,
Площа,-,
басейну,-,
—,-,
бл,-,
.,-,
350,-,
.,-,
км,-,
²,-,
.,-,
Середні,-,
витрати,-,
води,-,
—,-,
148,-,
м,-,
³,-,
/,-,
с,-,
.,-,
Живлення,-,
—,-,
снігове,-,
і,-,
дощове,-,
.,-,
Головний,-,
паводок,-,
—,-,
навесні,-,
.,-,
Навколо,-,
Ріо,Ріо | I-LOC,LOC
-,- | I-LOC,LOC
Колорадо,Колорадо | I-LOC,LOC
на,-,
зрошуваних,-,
землях,-,
розташовані,-,
землеробські,-,
райони,-,
.,-,
На,-,
річці,-,
збудовано,-,
ГЕС,-,
Каса,-,LOC
-,-,LOC
де,-,LOC
-,-,LOC
Пєдра,-,LOC
.,-,
